"id","price","name","img","cat_id"
"144818","199","Chou Kale bio","/img/PM/P/0/18/0P_144818.gif","0"
"123578","269","Chou romanesco pièce","/img/PM/P/0/78/0P_123578.gif","0"
"348924","366","Potage de légumes verts bio","/img/PM/P/0/24/0P_348924.gif","0"
"348925","359","Potage de carottes et panais bio","/img/PM/P/0/25/0P_348925.gif","0"
"348923","359","Potage de tomates bio","/img/PM/P/0/23/0P_348923.gif","0"
"174283","309","Velouté de Potirons et Carottes","/img/PM/P/0/83/0P_174283.gif","0"
"304866","239","Carottes de Tilques Cat 1","/img/PM/P/0/66/0P_304866.gif","0"
"124669","199","Courgette ronde bio","/img/PM/P/0/69/0P_124669.gif","0"
"136874","279","Soupe fraîche Velouté de légumes","/img/PM/P/0/74/0P_136874.gif","0"
"95417","179","Dattes Ravier","/img/PM/P/0/17/0P_95417.gif","0"
"123041","249","A dessert - Orange Navelina bio Cat 2","/img/PM/P/0/41/0P_123041.gif","0"
"123043","279","Clémentine bio Cat 2","/img/PM/P/0/43/0P_123043.gif","0"
"102619","299","Kiwi vert bio Cat 2","/img/PM/P/0/19/0P_102619.gif","0"
"125950","269","Poire bio variété Guyot Cat 2","/img/PM/P/0/50/0P_125950.gif","0"
"158805","299","Pomme golden bio Cat 2","/img/PM/P/0/05/0P_158805.gif","0"
"123220","299","Pomme Juliet bio Cat 2","/img/PM/P/0/20/0P_123220.gif","0"
"124574","299","Pomme bicolore bio Cat 2","/img/PM/P/0/74/0P_124574.gif","0"
"167200","199","Pomme Jazz Cat 1","/img/PM/P/0/00/0P_167200.gif","0"
"120672","399","Raisin Muscat Cat 1","/img/PM/P/0/72/0P_120672.gif","0"
"123848","129","Celeri rave pièce","/img/PM/P/0/48/0P_123848.gif","0"
"165269","799","Panier de Légumes bio","/img/PM/P/0/69/0P_165269.gif","0"
"102166","199","Carotte bio Cat 2","/img/PM/P/0/66/0P_102166.gif","0"
"125624","129","Choux de Bruxelles Cat 1","/img/PM/P/0/24/0P_125624.gif","0"
"123379","129","Chou chinois pièce","/img/PM/P/0/79/0P_123379.gif","0"
"124090","129","Chou vert frisé pièce","/img/PM/P/0/90/0P_124090.gif","0"
"113690","129","Chou blanc pièce","/img/PM/P/0/90/0P_113690.gif","0"
"4404","99","Brocoli","/img/PM/P/0/04/0P_4404.gif","0"
"4348","129","Chou rouge pièce","/img/PM/P/0/48/0P_4348.gif","0"
"122932","249","2 Poivron bio rouge, vert ou jaune Cat 2","/img/PM/P/0/32/0P_122932.gif","0"
"123354","215","Tomates cerise bio Cat 2","/img/PM/P/0/54/0P_123354.gif","0"
"13139","220","Kiwi  vert Cat 1","/img/PM/P/0/40/0P_122840.gif","0"
"19809","420","Pomme Pink lady pièce cat 1","/img/PM/P/0/43/0P_122643.gif","0"
"6622","229","Navet","/img/PM/P/0/22/0P_6622.gif","0"
"124462","239","Endive pleine terre","/img/PM/P/0/62/0P_124462.gif","0"
"13140","276","Tomate ronde charnue à farcir","/img/PM/P/0/49/0P_122649.gif","0"
"131288","509","Pruneaux d'Agen entiers géants","/img/PM/P/0/88/0P_131288.gif","0"
"18221","570","Pur jus d'orange pressée bio","/img/PM/P/0/24/0P_85224.gif","0"
"18220","446","Pur jus de Pomme bio","/img/PM/P/0/25/0P_85225.gif","0"
"16372","392","Petits pois bio","/img/PM/P/0/88/0P_135488.gif","0"
"125930","479","Clémentine à déguster","/img/PM/P/0/30/0P_125930.gif","0"
"125224","329","Clémentine Feuilles","/img/PM/P/0/24/0P_125224.gif","0"
"123389","599","A Jus - Orange Valencia Late Cat 1","/img/PM/P/0/89/0P_123389.gif","0"
"101214","449","A dessert - Orange Navelina Cat 1","/img/PM/P/0/14/0P_101214.gif","0"
"120123","90","Pomelo Cat 1 pièce","/img/PM/P/0/23/0P_120123.gif","0"
"124189","319","Clementine à déguster","/img/PM/P/0/89/0P_124189.gif","0"
"122974","65","Citron Eureka Cat 1","/img/PM/P/0/74/0P_122974.gif","0"
"120074","319","Citron Primofiori Cat 1","/img/PM/P/0/74/0P_120074.gif","0"
"123045","269","Citron bio variété Primofiori Cat 2","/img/PM/P/0/45/0P_123045.gif","0"
"124579","189","Citrons non traités - variété Primofiori - Cat 1","/img/PM/P/0/79/0P_124579.gif","0"
"121527","349","A déguster - Clémentine à deguster Cat 1","/img/PM/P/0/27/0P_121527.gif","0"
"124471","219","Pomelo géant de Chine pièce","/img/PM/P/0/71/0P_124471.gif","0"
"172185","55","Citron vert pièce Cat 1","/img/PM/P/0/85/0P_172185.gif","0"
"116699","399","Orange navel late cat 1","/img/PM/P/0/99/0P_116699.gif","0"
"120687","249","Lime - Citron vert Cat 1","/img/PM/P/0/87/0P_120687.gif","0"
"120648","129","Banane Cavendisch Cat 1","/img/PM/P/0/48/0P_120648.gif","0"
"122402","199","Banane Cavendisch Cat 1","/img/PM/P/0/02/0P_122402.gif","0"
"123974","129","Banane Cat 1","/img/PM/P/0/74/0P_123974.gif","0"
"122936","179","Banane bio variété Cavendisch Cat 2","/img/PM/P/0/36/0P_122936.gif","0"
"192431","199","Banane Cavendisch Cat 1","/img/PM/P/0/31/0P_192431.gif","0"
"123658","599","Marrons","/img/PM/P/0/58/0P_123658.gif","0"
"132378","199","Mangue Osteen pièce","/img/PM/P/0/78/0P_132378.gif","0"
"141476","149","Gingembre bio","/img/PM/P/0/76/0P_141476.gif","0"
"101030","219","Ananas extra doux","/img/PM/P/0/30/0P_101030.gif","0"
"124917","249","Kaki bio","/img/PM/P/0/17/0P_124917.gif","0"
"123829","79","Grenade pièce","/img/PM/P/0/29/0P_123829.gif","0"
"354222","299","Mangue bio Osteen","/img/PM/P/0/22/0P_354222.gif","0"
"111059","169","Noix de coco pièce","/img/PM/P/0/59/0P_111059.gif","0"
"125329","60","Fruit de la passion pièce","/img/PM/P/0/29/0P_125329.gif","0"
"109981","399","Ananas Queen Victoria","/img/PM/P/0/81/0P_109981.gif","0"
"122377","249","Framboise","/img/PM/P/0/77/0P_122377.gif","0"
"122840","55","Kiwi  vert Cat 1","/img/PM/P/0/40/0P_122840.gif","0"
"183330","319","Kiwi jaune bio Cat 1","/img/PM/P/0/30/0P_183330.gif","0"
"120829","139","Poire Conférence ou guyot Cat 2","/img/PM/P/0/29/0P_120829.gif","0"
"120745","259","Poire Conference Cat 1","/img/PM/P/0/45/0P_120745.gif","0"
"122984","49","Poire Guyot ou Williams pièce Cat 1","/img/PM/P/0/84/0P_122984.gif","0"
"123266","249","Pomme Gala Cat 1","/img/PM/P/0/66/0P_123266.gif","0"
"125691","249","Pomme Reinette Cat 1","/img/PM/P/0/91/0P_125691.gif","0"
"121472","249","Pomme Golden Cat 2","/img/PM/P/0/72/0P_121472.gif","0"
"151685","349","Pink Lady - Pomme Pinkids Cat 1","/img/PM/P/0/85/0P_151685.gif","0"
"123264","249","Pomme Red, Gala, Granny Cat 1","/img/PM/P/0/64/0P_123264.gif","0"
"122643","70","Pomme Pink lady pièce cat 1","/img/PM/P/0/43/0P_122643.gif","0"
"123272","219","Pomme granny Cat 1","/img/PM/P/0/72/0P_123272.gif","0"
"164754","209","Pommes Golden Cat 1","/img/PM/P/0/54/0P_164754.gif","0"
"104330","329","Raisin Blanc Italia cat 1","/img/PM/P/0/30/0P_104330.gif","0"
"112431","349","Raisin blanc Italia bio Cat 2","/img/PM/P/0/31/0P_112431.gif","0"
"340517","219","raisin blanc sans pépin Rik &amp; Rok - Cat 1","/img/PM/P/0/17/0P_340517.gif","0"
"124222","449","Raisin Chasselas  Cat 1","/img/PM/P/0/22/0P_124222.gif","0"
"186174","319","Raisin noir Prima Cat 1","/img/PM/P/0/74/0P_186174.gif","0"
"121393","289","Raisin Blanc variété Ideal cat 1","/img/PM/P/0/93/0P_121393.gif","0"
"111499","199","Ail blanc","/img/PM/P/0/99/0P_111499.gif","0"
"122032","179","Oignon jaune sélection","/img/PM/P/0/32/0P_122032.gif","0"
"120962","149","Echalote bio semi longue traditionelle","/img/PM/P/0/62/0P_120962.gif","0"
"121903","159","Oignon blanc botte","/img/PM/P/0/03/0P_121903.gif","0"
"111496","189","Oignons rouges","/img/PM/P/0/96/0P_111496.gif","0"
"124075","149","Ail blanc","/img/PM/P/0/75/0P_124075.gif","0"
"123290","119","Echalote ronde traditionelle","/img/PM/P/0/90/0P_123290.gif","0"
"120124","89","Echalote longue traditionnelle","/img/PM/P/0/24/0P_120124.gif","0"
"122838","199","Oignon blanc","/img/PM/P/0/38/0P_122838.gif","0"
"120125","89","Oignon jaune","/img/PM/P/0/25/0P_120125.gif","0"
"323179","594","Lait demi-écrémé stérilisé UHT","/img/PM/P/0/79/0P_323179.gif","0"
"136001","799","Lait demi-écrémé bio","/img/PM/P/0/01/0P_136001.gif","0"
"329559","338","Thé vert Passion d'été","/img/PM/P/0/59/0P_329559.gif","0"
"225608","356","Eau minérale naturelle","/img/PM/P/0/08/0P_225608.gif","0"
"190416","762","Lait de chèvre demi-écrémé","/img/PM/P/0/16/0P_190416.gif","0"
"91771","309","Espresso Forza - Capsule de Café en aluminium","/img/PM/P/0/71/0P_91771.gif","0"
"106424","309","Espresso Sontuoso - Capsule de Café en aluminium","/img/PM/P/0/24/0P_106424.gif","0"
"91768","309","Espresso Decaffeinato - Capsule de Café en aluminium","/img/PM/P/0/68/0P_91768.gif","0"
"130203","329","Espresso Or Rose - Capsule de Café en aluminium","/img/PM/P/0/03/0P_130203.gif","0"
"91770","309","Espresso Splendente - Capsule de Café en aluminium","/img/PM/P/0/70/0P_91770.gif","0"
"136609","329","Espresso Lungo Elegante - Capsule de Café en aluminium","/img/PM/P/0/09/0P_136609.gif","0"
"136608","329","Espresso Lungo Profondo - Capsule de Café en aluminium","/img/PM/P/0/08/0P_136608.gif","0"
"170816","329","Espresso Lungo Mattinata - Capsule de Café en aluminium","/img/PM/P/0/16/0P_170816.gif","0"
"136607","309","Espresso Supremo - Capsule de Café en aluminium","/img/PM/P/0/07/0P_136607.gif","0"
"91769","309","Espresso Delizioso - Capsule de Café en aluminium","/img/PM/P/0/69/0P_91769.gif","0"
"195155","475","L'Or Espresso - Dosettes de Café Delizioso","/img/PM/P/0/55/0P_195155.gif","0"
"195025","449","L'Or Espresso - Dosettes de café Decaffeinato","/img/PM/P/0/25/0P_195025.gif","0"
"195021","475","L'Or Espresso - Dosettes de Café Splendente","/img/PM/P/0/21/0P_195021.gif","0"
"192136","262","Café pur Arabica Ethiopie bio","/img/PM/P/0/36/0P_192136.gif","0"
"192446","286","Café pur Arabica Guatemala bio","/img/PM/P/0/46/0P_192446.gif","0"
"120040","287","Café moulu 100% Arabica bio","/img/PM/P/0/40/0P_120040.gif","0"
"1104","345","Café moulu","/img/PM/P/0/04/0P_1104.gif","0"
"193499","266","Café Arabica Mexique bio","/img/PM/P/0/99/0P_193499.gif","0"
"193498","273","Café Arabica Pérou bio","/img/PM/P/0/98/0P_193498.gif","0"
"183124","799","L'Or - Café en grains Perle du Brésil","/img/PM/P/0/24/0P_183124.gif","0"
"21727","1039","L'Or - Café en grains Perle du Brésil","/img/PM/P/0/24/0P_183124.gif","0"
"190230","245","Thé vert aromatisé à la Menthe","/img/PM/P/0/30/0P_190230.gif","0"
"94814","505","Coffret de thés parfumés","/img/PM/P/0/14/0P_94814.gif","0"
"16965","379","Yellow Label - Thé nature","/img/PM/P/0/65/0P_16965.gif","0"
"125921","253","Thé Vert Earl Grey à la Bergamote bio","/img/PM/P/0/21/0P_125921.gif","0"
"120407","253","Thé noir du Sri-Lanka aux épices bio","/img/PM/P/0/07/0P_120407.gif","0"
"16322","132","Tchaé - Thé vert Orient","/img/PM/P/0/22/0P_16322.gif","0"
"60323","185","Marrakech Mint - Thé vert","/img/PM/P/0/23/0P_60323.gif","0"
"125914","253","Thé Citron vert et Gingembre bio","/img/PM/P/0/14/0P_125914.gif","0"
"27473","155","Sachets pyramide - Thé vert menthe intense","/img/PM/P/0/73/0P_27473.gif","0"
"101217","185","Thé Russian Earl Grey","/img/PM/P/0/17/0P_101217.gif","0"
"194243","315","Thé Yellow noir","/img/PM/P/0/43/0P_194243.gif","0"
"16321","185","Tchaé - Thé vert d'Asie à la menthe","/img/PM/P/0/21/0P_16321.gif","0"
"195149","279","Thé noir aromatisé Lady Lipton","/img/PM/P/0/49/0P_195149.gif","0"
"104821","195","Orange Jaïpur","/img/PM/P/0/21/0P_104821.gif","0"
"187278","245","Thé vert","/img/PM/P/0/78/0P_187278.gif","0"
"13552","149","Sachets pyramide - Thé 5 fruits rouges","/img/PM/P/0/52/0P_13552.gif","0"
"96434","215","Thé vert","/img/PM/P/0/34/0P_96434.gif","0"
"125922","253","Thé Rooibos Caramel bio","/img/PM/P/0/22/0P_125922.gif","0"
"103696","175","Sachets pyramide - Thé agrumes","/img/PM/P/0/96/0P_103696.gif","0"
"195194","279","Exclusive Or - Thé noir de Ceylan","/img/PM/P/0/94/0P_195194.gif","0"
"101218","525","Thé Russian Earl Grey en vrac","/img/PM/P/0/18/0P_101218.gif","0"
"13470","549","Thé Orange Jaïpur en vrac","/img/PM/P/0/70/0P_13470.gif","0"
"324966","171","Infusion Verveine et Menthe bio","/img/PM/P/0/66/0P_324966.gif","0"
"324967","171","Infusion Détox bio","/img/PM/P/0/67/0P_324967.gif","0"
"16547","90","Saveurs du soir - Infusion grand sud","/img/PM/P/0/47/0P_16547.gif","0"
"324963","171","Infusion Relax bio","/img/PM/P/0/63/0P_324963.gif","0"
"13619","118","Sachets pyramide - Infusions menthe et épices","/img/PM/P/0/19/0P_13619.gif","0"
"12720","398","Eau minérale naturelle","/img/PM/P/0/66/0P_1766.gif","0"
"12718","458","Eau minérale naturelle","/img/PM/P/0/10/0P_101710.gif","0"
"21675","578","Eau minérale naturelle","/img/PM/P/0/64/0P_315564.gif","0"
"101342","305","Mexique - Café moulu pur Arabica","/img/PM/P/0/42/0P_101342.gif","0"
"316718","369","Nesquik - Chocolat en poudre goût Noisette","/img/PM/P/0/18/0P_316718.gif","0"
"4716","519","Lait demi-écrémé UHT","/img/PM/P/0/16/0P_4716.gif","0"
"167413","429","Lait demi-écrémé stérilisé UHT","/img/PM/P/0/13/0P_167413.gif","0"
"109610","569","Lait bio demi-écrémé UHT","/img/PM/P/0/10/0P_109610.gif","0"
"4719","719","Lait bio demi-écrémé UHT","/img/PM/P/0/19/0P_4719.gif","0"
"108180","409","Lait demi écrémé UHT","/img/PM/P/0/80/0P_108180.gif","0"
"109510","95","Lait bio demi-écrémé","/img/PM/P/0/10/0P_109510.gif","0"
"177174","429","Lait bio demi-écrémé UHT","/img/PM/P/0/74/0P_177174.gif","0"
"146939","479","Lait bio demi-écrémé","/img/PM/P/0/39/0P_146939.gif","0"
"305911","469","Lait demi-écrémé UHT","/img/PM/P/0/11/0P_305911.gif","0"
"2883","345","Viva - Lait Vitaminé UHT","/img/PM/P/0/83/0P_2883.gif","0"
"186692","779","GrandLait - Lait bio demi-écrémé","/img/PM/P/0/92/0P_186692.gif","0"
"179023","369","Lait demi-écrémé UHT","/img/PM/P/0/23/0P_179023.gif","0"
"4728","599","Viva - Lait Vitaminé UHT","/img/PM/P/0/28/0P_4728.gif","0"
"3599","82","Lait demi-écrémé UHT","/img/PM/P/0/99/0P_3599.gif","0"
"154987","539","Lait demi-écrémé","/img/PM/P/0/87/0P_154987.gif","0"
"4723","489","Lait demi-écrémé UHT","/img/PM/P/0/23/0P_4723.gif","0"
"148625","499","Lait demi-écrémé UHT","/img/PM/P/0/25/0P_148625.gif","0"
"4731","549","Viva - Lait Vitaminé UHT","/img/PM/P/0/31/0P_4731.gif","0"
"179684","539","GrandLait - Lait demi-écrémé","/img/PM/P/0/84/0P_179684.gif","0"
"198707","749","Matin léger - Lait bio sans lactose","/img/PM/P/0/07/0P_198707.gif","0"
"186683","849","Grandlait - Lait demi-écrémé sans lactose","/img/PM/P/0/83/0P_186683.gif","0"
"100977","819","Matin léger - Lait sans lactose","/img/PM/P/0/77/0P_100977.gif","0"
"45392","869","Matin Léger - Lait écrémé sans lactose","/img/PM/P/0/92/0P_45392.gif","0"
"55785","549","Matin Léger - Lait sans lactose","/img/PM/P/0/85/0P_55785.gif","0"
"39003","589","Lait écrémé UHT","/img/PM/P/0/03/0P_39003.gif","0"
"51018","719","Lait bio écrémé UHT","/img/PM/P/0/18/0P_51018.gif","0"
"101790","499","Lait écrémé UHT","/img/PM/P/0/90/0P_101790.gif","0"
"208846","235","Boisson à la Noix de Coco","/img/PM/P/0/46/0P_208846.gif","0"
"189151","235","Boisson à la noisette","/img/PM/P/0/51/0P_189151.gif","0"
"86597","295","Boisson à la Noisette","/img/PM/P/0/97/0P_86597.gif","0"
"54458","129","Boisson soja saveur Chocolat UHT","/img/PM/P/0/58/0P_54458.gif","0"
"307495","355","Boisson à l'Amande et au Chocolat","/img/PM/P/0/95/0P_307495.gif","0"
"40438","115","Boisson soja saveur Vanille UHT","/img/PM/P/0/38/0P_40438.gif","0"
"110252","275","Boisson aux amandes UHT","/img/PM/P/0/52/0P_110252.gif","0"
"168614","275","Boisson aux amandes","/img/PM/P/0/14/0P_168614.gif","0"
"189149","235","Boisson aux amandes","/img/PM/P/0/49/0P_189149.gif","0"
"312160","114","Boisson au soja UHT","/img/PM/P/0/60/0P_312160.gif","0"
"1299","145","Boisson à base de Soja Nature UHT","/img/PM/P/0/99/0P_1299.gif","0"
"8163","155","Boisson à base de Soja UHT","/img/PM/P/0/63/0P_8163.gif","0"
"93586","140","Boisson au riz Nature UHT","/img/PM/P/0/86/0P_93586.gif","0"
"233801","249","Boisson à base de soja au Chocolat","/img/PM/P/0/01/0P_233801.gif","0"
"159216","140","Boisson à l'Avoine UHT","/img/PM/P/0/16/0P_159216.gif","0"
"189233","245","Calcium - Boisson nature à l'Avoine","/img/PM/P/0/33/0P_189233.gif","0"
"330030","205","Matin léger - Café au lait","/img/PM/P/0/30/0P_330030.gif","0"
"157467","175","Max - Lait arômatisé au  chocolat UHT","/img/PM/P/0/67/0P_157467.gif","0"
"98524","215","Candy'Up - Lait arômatisé à la Vanille UHT","/img/PM/P/0/24/0P_98524.gif","0"
"3602","215","Candy'Up - Lait arômatisé à la Fraise UHT","/img/PM/P/0/02/0P_3602.gif","0"
"12106","465","Lait aromatisé au Cacao","/img/PM/P/0/06/0P_12106.gif","0"
"218584","859","Candy'Up - Lait arômatisé au Chocolat UHT","/img/PM/P/0/84/0P_218584.gif","0"
"3601","215","Candy'Up - Lait arômatisé au Chocolat UHT","/img/PM/P/0/01/0P_3601.gif","0"
"6877","107","Lait entier UHT","/img/PM/P/0/77/0P_6877.gif","0"
"190011","679","Lait bio entier","/img/PM/P/0/11/0P_190011.gif","0"
"6878","639","Lait entier UHT","/img/PM/P/0/78/0P_6878.gif","0"
"189999","839","Lait bio entier UHT","/img/PM/P/0/99/0P_189999.gif","0"
"4715","735","Lait entier UHT","/img/PM/P/0/15/0P_4715.gif","0"
"61938","129","Lait frais pasteurisé demi-écrémé","/img/PM/P/0/38/0P_61938.gif","0"
"61937","139","Lait frais pasteurisé entier","/img/PM/P/0/37/0P_61937.gif","0"
"61934","169","Lait frais bio demi-écrémé","/img/PM/P/0/34/0P_61934.gif","0"
"94954","107","Lait concentré sucré","/img/PM/P/0/54/0P_94954.gif","0"
"6376","168","Elea - Lait écrémé en poudre","/img/PM/P/0/76/0P_6376.gif","0"
"11720","59","Nuage de lait - Lait concentré non sucré","/img/PM/P/0/20/0P_11720.gif","0"
"115092","189","Lait concentré sucré","/img/PM/P/0/92/0P_115092.gif","0"
"6377","419","Elea - Lait écrémé en poudre","/img/PM/P/0/77/0P_6377.gif","0"
"16416","145","Lait concentré sucré","/img/PM/P/0/16/0P_16416.gif","0"
"94833","245","Lait entier en poudre","/img/PM/P/0/33/0P_94833.gif","0"
"85292","126","Lait concentré sucré","/img/PM/P/0/92/0P_85292.gif","0"
"16649","319","Lait concentré entier non sucré","/img/PM/P/0/49/0P_16649.gif","0"
"1403","185","Lait demi-écrémé en poudre","/img/PM/P/0/03/0P_1403.gif","0"
"16181","329","Lait concentré demi-écrémé non sucré","/img/PM/P/0/81/0P_16181.gif","0"
"157023","209","Lait concentré sucré","/img/PM/P/0/23/0P_157023.gif","0"
"186832","349","Capsules de Café Délicat biodégradables","/img/PM/P/0/32/0P_186832.gif","0"
"170821","345","Espresso Papouasie - Capsule de Café en aluminium","/img/PM/P/0/21/0P_170821.gif","0"
"167457","234","Capsules de Café Décafeinato","/img/PM/P/0/57/0P_167457.gif","0"
"161646","299","Capsules de Café Espresso Décaféiné","/img/PM/P/0/46/0P_161646.gif","0"
"167454","234","Capsules de Café Lungo","/img/PM/P/0/54/0P_167454.gif","0"
"183137","299","N°13 - Capsules de Café Espresso","/img/PM/P/0/37/0P_183137.gif","0"
"180443","234","Capsules de Café Fortissimo","/img/PM/P/0/43/0P_180443.gif","0"
"167455","234","Capsules de Café Classico","/img/PM/P/0/55/0P_167455.gif","0"
"312217","379","Capsules de Café Colombia","/img/PM/P/0/17/0P_312217.gif","0"
"232032","295","Capsules de Café Ristretto","/img/PM/P/0/32/0P_232032.gif","0"
"163913","329","Capsules de Café grand cru d'Afrique","/img/PM/P/0/13/0P_163913.gif","0"
"323682","379","Capsules de Café Blonde Roast","/img/PM/P/0/82/0P_323682.gif","0"
"161645","299","N°10 - Capsules de Café Espresso","/img/PM/P/0/45/0P_161645.gif","0"
"233781","315","Espresso - Capsules de Café Lungo","/img/PM/P/0/81/0P_233781.gif","0"
"334742","315","Capsules de Café Inde","/img/PM/P/0/42/0P_334742.gif","0"
"130321","329","Or Jaune - Capsule de Café en aluminium","/img/PM/P/0/21/0P_130321.gif","0"
"170820","345","L'Or Espresso - Capsule de Café Colombie","/img/PM/P/0/20/0P_170820.gif","0"
"185378","234","Capsules de Café Asie","/img/PM/P/0/78/0P_185378.gif","0"
"161490","299","N°7 - Capsules de Café pur Arabica","/img/PM/P/0/90/0P_161490.gif","0"
"186828","365","Capsules de Café Déca biodégradables","/img/PM/P/0/28/0P_186828.gif","0"
"183134","329","Cuba - Capsules de Café Cuba","/img/PM/P/0/34/0P_183134.gif","0"
"312215","379","Capsules de Café Espresso Roast","/img/PM/P/0/15/0P_312215.gif","0"
"232034","295","Capsules de Café Lungo","/img/PM/P/0/34/0P_232034.gif","0"
"168226","299","N°11 - Capsules de Café pur Arabica","/img/PM/P/0/26/0P_168226.gif","0"
"194206","315","Capsules de Café Espresso Colombie","/img/PM/P/0/06/0P_194206.gif","0"
"186827","349","Café moulu en capsules - Capsules de Café Corsé biodégradables","/img/PM/P/0/27/0P_186827.gif","0"
"161491","299","N°9 - Capsules de Café Espresso Intense","/img/PM/P/0/91/0P_161491.gif","0"
"185377","234","Capsules de Café Amérique du Sud","/img/PM/P/0/77/0P_185377.gif","0"
"167453","234","Capsules de Café Expresso","/img/PM/P/0/53/0P_167453.gif","0"
"323684","379","Capsules de Café Lungo","/img/PM/P/0/84/0P_323684.gif","0"
"136004","455","Senseo - Dosettes de Café doux Extra long","/img/PM/P/0/04/0P_136004.gif","0"
"194023","499","Dosettes de Café Colombia","/img/PM/P/0/23/0P_194023.gif","0"
"31941","399","Dosettes de café Corsé","/img/PM/P/0/41/0P_31941.gif","0"
"83663","316","Dosettes de café décaféiné","/img/PM/P/0/63/0P_83663.gif","0"
"136586","223","Dosettes de café Ethiopie","/img/PM/P/0/86/0P_136586.gif","0"
"158097","519","Dosettes de Café doux","/img/PM/P/0/97/0P_158097.gif","0"
"98821","379","Expresso - Dosettes de café","/img/PM/P/0/21/0P_98821.gif","0"
"139417","519","Maison du café - Dosettes de café classique","/img/PM/P/0/17/0P_139417.gif","0"
"181958","429","Caffé Del Bar - Dosettes de Café","/img/PM/P/0/58/0P_181958.gif","0"
"38589","365","Dosettes de café","/img/PM/P/0/89/0P_38589.gif","0"
"96682","365","Café corsé en dosettes","/img/PM/P/0/82/0P_96682.gif","0"
"186820","397","Café corsé en dosettes","/img/PM/P/0/20/0P_186820.gif","0"
"183143","499","Noir Ultime - Dosettes de Café Arabica","/img/PM/P/0/43/0P_183143.gif","0"
"77484","325","Dosettes de café classique","/img/PM/P/0/84/0P_77484.gif","0"
"39320","369","Matin généreux - Café classique pour un réveil tonique","/img/PM/P/0/20/0P_39320.gif","0"
"60584","429","Dosette décaféiné","/img/PM/P/0/84/0P_60584.gif","0"
"334740","609","Dosettes de café Espresso N°8","/img/PM/P/0/40/0P_334740.gif","0"
"101100","225","Maison du Café - Dosettes de café corsé","/img/PM/P/0/00/0P_101100.gif","0"
"183115","499","Brazil - Café moulu Arabica en dosettes","/img/PM/P/0/15/0P_183115.gif","0"
"90101","183","Expresso en dosettes","/img/PM/P/0/01/0P_90101.gif","0"
"111594","259","Doses de café issu des petits producteurs","/img/PM/P/0/94/0P_111594.gif","0"
"193236","465","Dosettes de Café Expresso","/img/PM/P/0/36/0P_193236.gif","0"
"90110","389","1851 - Dosettes grand arabica","/img/PM/P/0/10/0P_90110.gif","0"
"183144","499","Noir Exquis - Dosettes de Café Arabica intense","/img/PM/P/0/44/0P_183144.gif","0"
"65529","259","Dosette pur Arabica La Grande Réserve","/img/PM/P/0/29/0P_65529.gif","0"
"186819","397","Café classique en dosettes","/img/PM/P/0/19/0P_186819.gif","0"
"90099","295","Café en dosettes","/img/PM/P/0/99/0P_90099.gif","0"
"193237","419","Maxi dosettes de café Extra long classique","/img/PM/P/0/37/0P_193237.gif","0"
"61153","429","Dosettes doux","/img/PM/P/0/53/0P_61153.gif","0"
"170382","235","Senseo - Dosettes de Café Cappuccino","/img/PM/P/0/82/0P_170382.gif","0"
"32605","399","Maison du Café - Dosettes de café Classique","/img/PM/P/0/05/0P_32605.gif","0"
"139418","519","Maison du café - Dosettes de café corsé","/img/PM/P/0/18/0P_139418.gif","0"
"73119","399","Maison du Café - Dosettes de café extra corsé","/img/PM/P/0/19/0P_73119.gif","0"
"7943","225","Dosettes de café Classique","/img/PM/P/0/43/0P_7943.gif","0"
"77485","325","Café en dosettes souples","/img/PM/P/0/85/0P_77485.gif","0"
"62768","369","Dosettes corsé","/img/PM/P/0/68/0P_62768.gif","0"
"311144","335","Grand Mère - Dosettes Petit-déj'","/img/PM/P/0/44/0P_311144.gif","0"
"166085","589","Carte noire - Dosettes de Café long classic","/img/PM/P/0/85/0P_166085.gif","0"
"149129","399","Carte noire - Dosettes de café Espresso classic","/img/PM/P/0/29/0P_149129.gif","0"
"140506","395","Dolce Gusto - Capsule de café expresso Ristretto","/img/PM/P/0/06/0P_140506.gif","0"
"98146","369","Dolce Gusto - Capsule de Cappuccino","/img/PM/P/0/46/0P_98146.gif","0"
"142282","375","Dolce Gusto - Lungo décaféiné","/img/PM/P/0/82/0P_142282.gif","0"
"316724","495","Dolce Gusto - Capsules de Café Catuai Do Brasir","/img/PM/P/0/24/0P_316724.gif","0"
"161511","389","Dolce Gusto - Capsule de café expresso Barista","/img/PM/P/0/11/0P_161511.gif","0"
"98147","369","Dolce Gusto - Expresso Intenso","/img/PM/P/0/47/0P_98147.gif","0"
"335883","379","Dolce Gusto - Capsules de Café Espresso","/img/PM/P/0/83/0P_335883.gif","0"
"91761","369","Dolce Gusto - Grande Aroma","/img/PM/P/0/61/0P_91761.gif","0"
"318944","695","Dolce Gusto - Capsules de Café Espresso","/img/PM/P/0/44/0P_318944.gif","0"
"230146","425","Dolce Gusto - Capsule de Café Grande Intenso","/img/PM/P/0/46/0P_230146.gif","0"
"187319","425","Dolce Gusto - Dosettes de Café décaffeinato","/img/PM/P/0/19/0P_187319.gif","0"
"57021","379","Dolce Gusto - Capsule de café Espresso","/img/PM/P/0/21/0P_57021.gif","0"
"161483","365","Dolce Gusto - Capsules de Café au lait","/img/PM/P/0/83/0P_161483.gif","0"
"234804","475","Dolce Gusto - Capsules de Café Preludio","/img/PM/P/0/04/0P_234804.gif","0"
"161518","475","Dolce Gusto - Latte Macchiato Caramel","/img/PM/P/0/18/0P_161518.gif","0"
"91760","385","Dolce Gusto - Lungo","/img/PM/P/0/60/0P_91760.gif","0"
"312808","425","Capsules de Chocolat Dolce Gusto","/img/PM/P/0/08/0P_312808.gif","0"
"331856","599","Recharge de café soluble Classique","/img/PM/P/0/56/0P_331856.gif","0"
"16725","535","Sélection - Café soluble décaféiné","/img/PM/P/0/25/0P_16725.gif","0"
"171317","445","Cappucino Noisette","/img/PM/P/0/17/0P_171317.gif","0"
"166083","249","Espresso - Café soluble en sticks","/img/PM/P/0/83/0P_166083.gif","0"
"16848","585","Spécial Filtre - Café soluble","/img/PM/P/0/48/0P_16848.gif","0"
"35332","375","Café Viennois","/img/PM/P/0/32/0P_35332.gif","0"
"10244","679","Spécial filtre - Café soluble décaféiné","/img/PM/P/0/44/0P_10244.gif","0"
"319020","199","Sticks de Café au lait soluble","/img/PM/P/0/20/0P_319020.gif","0"
"5607","203","Tradition - Café soluble","/img/PM/P/0/07/0P_5607.gif","0"
"154645","195","Qualité filtre - Café en sticks décaféiné","/img/PM/P/0/45/0P_154645.gif","0"
"331857","199","Sticks de Café classique","/img/PM/P/0/57/0P_331857.gif","0"
"144577","385","Cappuccino Vanille","/img/PM/P/0/77/0P_144577.gif","0"
"183099","509","Espresso Intenso - Café instantané Pur Arabica","/img/PM/P/0/99/0P_183099.gif","0"
"161496","195","Café 3 en 1 en sticks","/img/PM/P/0/96/0P_161496.gif","0"
"8196","335","Qualité filtre - Café soluble","/img/PM/P/0/96/0P_8196.gif","0"
"4754","475","Café soluble pur Arabica","/img/PM/P/0/54/0P_4754.gif","0"
"74070","301","Cappuccino classique","/img/PM/P/0/70/0P_74070.gif","0"
"84519","301","Extra filtre - Café soluble décaféiné","/img/PM/P/0/19/0P_84519.gif","0"
"154653","195","Qualité filtre - Café en sticks","/img/PM/P/0/53/0P_154653.gif","0"
"114153","219","Expresso - Café en sticks","/img/PM/P/0/53/0P_114153.gif","0"
"10263","229","Cappuccino en sachets dégustation","/img/PM/P/0/63/0P_10263.gif","0"
"95096","365","Cappuccino","/img/PM/P/0/96/0P_95096.gif","0"
"10259","475","Nes - Café soluble","/img/PM/P/0/59/0P_10259.gif","0"
"171316","489","Spécial filtre - Café noir moulu Fine mousse","/img/PM/P/0/16/0P_171316.gif","0"
"16724","449","Sélection - Café soluble","/img/PM/P/0/24/0P_16724.gif","0"
"171318","535","Special Filtre - Café en Sticks","/img/PM/P/0/18/0P_171318.gif","0"
"57210","189","Nes - Stick de café soluble","/img/PM/P/0/10/0P_57210.gif","0"
"1834","456","Café soluble lyophilisé Extra filtre","/img/PM/P/0/34/0P_1834.gif","0"
"157015","449","Special filtre - Café soluble recharge","/img/PM/P/0/15/0P_157015.gif","0"
"168112","439","Ricoré - Café chicorée solubles","/img/PM/P/0/12/0P_168112.gif","0"
"5596","230","Café à la Chicorée soluble","/img/PM/P/0/96/0P_5596.gif","0"
"16960","259","Chicorée soluble","/img/PM/P/0/60/0P_16960.gif","0"
"161495","289","Ricoré - Café chicorée solubles recharge","/img/PM/P/0/95/0P_161495.gif","0"
"167797","565","Ricoré - Café chicorée solubles","/img/PM/P/0/97/0P_167797.gif","0"
"16970","435","Ricoré - Café chicorée soluble au Lait","/img/PM/P/0/70/0P_16970.gif","0"
"312302","165","Chicorée torréfiée en Grains","/img/PM/P/0/02/0P_312302.gif","0"
"16019","299","Bahia - Café moulu du Brésil","/img/PM/P/0/19/0P_16019.gif","0"
"183288","305","Café moulu du Perou pur Arabica","/img/PM/P/0/88/0P_183288.gif","0"
"5910","372","Expresso - Café moulu pur Arabica","/img/PM/P/0/10/0P_5910.gif","0"
"16422","589","Café moulu intense 100% Arabica","/img/PM/P/0/22/0P_16422.gif","0"
"128455","365","Café moulu décaféiné pur Arabica","/img/PM/P/0/55/0P_128455.gif","0"
"148008","585","Café pur Arabica moulu","/img/PM/P/0/08/0P_148008.gif","0"
"16018","299","Popayan - Café moulu de Colombie","/img/PM/P/0/18/0P_16018.gif","0"
"4487","315","Café moulu moka d'Ethiopie","/img/PM/P/0/87/0P_4487.gif","0"
"106196","279","Malongo - Café moulu","/img/PM/P/0/96/0P_106196.gif","0"
"116652","234","Brasil - Café moulu pur Arabica","/img/PM/P/0/52/0P_116652.gif","0"
"311997","385","Expresso - Café moulu intense pur Arabica","/img/PM/P/0/97/0P_311997.gif","0"
"1756","585","Café moulu pur Arabica","/img/PM/P/0/56/0P_1756.gif","0"
"12157","168","Café moulu Pur Arabica","/img/PM/P/0/57/0P_12157.gif","0"
"142310","939","Café moulu Arabica","/img/PM/P/0/10/0P_142310.gif","0"
"12153","274","Etiopia - Café moulu pur Arabica","/img/PM/P/0/53/0P_12153.gif","0"
"2973","175","Tradition - Café moulu","/img/PM/P/0/73/0P_2973.gif","0"
"128452","349","Café moulu Gastronomique pur Arabica","/img/PM/P/0/52/0P_128452.gif","0"
"8789","665","Il Mattino - Café moulu","/img/PM/P/0/89/0P_8789.gif","0"
"233808","309","Douceur - Café moulu 100% Arabica","/img/PM/P/0/08/0P_233808.gif","0"
"105402","599","Café moulu doux 100% arabica","/img/PM/P/0/02/0P_105402.gif","0"
"17016","195","Bonne Nuit - Café moulu décaféiné","/img/PM/P/0/16/0P_17016.gif","0"
"87274","355","Dégustation - Café moulu pur Arabica","/img/PM/P/0/74/0P_87274.gif","0"
"16953","365","Café moulu décaféiné","/img/PM/P/0/53/0P_16953.gif","0"
"17006","535","Expresso Italiano - Café moulu pur Arabica","/img/PM/P/0/06/0P_17006.gif","0"
"100999","295","Guatemala - Café moulu pur Arabica","/img/PM/P/0/99/0P_100999.gif","0"
"310277","649","Velours - Café moulu pur Arabica","/img/PM/P/0/77/0P_310277.gif","0"
"146509","162","Tradition - Café moulu décaféiné","/img/PM/P/0/09/0P_146509.gif","0"
"125917","410","Café Blend moulu pur Arabica bio","/img/PM/P/0/17/0P_125917.gif","0"
"54942","292","Café moulu d'Amérique du Sud","/img/PM/P/0/42/0P_54942.gif","0"
"59925","426","Café moulu doux pur Arabica","/img/PM/P/0/25/0P_59925.gif","0"
"8913","96","Tradition - Café moulu","/img/PM/P/0/13/0P_8913.gif","0"
"43448","395","Suprêmo d'Arabica moulu","/img/PM/P/0/48/0P_43448.gif","0"
"12160","264","Colombia - Café moulu pur Arabica IGP","/img/PM/P/0/60/0P_12160.gif","0"
"8221","575","Dégustation - Café moulu riche en Arabica","/img/PM/P/0/21/0P_8221.gif","0"
"98748","385","Deca Aqua - Café décaféiné à l'eau","/img/PM/P/0/48/0P_98748.gif","0"
"8210","635","Nectar - Café moulu","/img/PM/P/0/10/0P_8210.gif","0"
"16798","169","Familial - Café moulu","/img/PM/P/0/98/0P_16798.gif","0"
"2823","372","Tradition - Café moulu","/img/PM/P/0/23/0P_2823.gif","0"
"166355","869","Café en grains pur Arabica","/img/PM/P/0/55/0P_166355.gif","0"
"73837","365","Il Perfetto Espresso - Café en grains","/img/PM/P/0/37/0P_73837.gif","0"
"71982","456","Tradition - Café en grains","/img/PM/P/0/82/0P_71982.gif","0"
"233084","1365","Café en grains","/img/PM/P/0/84/0P_233084.gif","0"
"151801","281","Expresso - Café en grains pur Arabica","/img/PM/P/0/01/0P_151801.gif","0"
"183119","1439","L'Or - Café en grains Arabica","/img/PM/P/0/19/0P_183119.gif","0"
"16381","185","Filtres à café n° 4","/img/PM/P/0/81/0P_16381.gif","0"
"100020","77","Filtres à café n°4","/img/PM/P/0/20/0P_100020.gif","0"
"10017","36","Filtre à Café n° 2","/img/PM/P/0/17/0P_10017.gif","0"
"1823","39","Filtres à Café n° 4","/img/PM/P/0/23/0P_1823.gif","0"
"9323","165","Thé au caramel","/img/PM/P/0/23/0P_9323.gif","0"
"103694","189","Thé à la vanille","/img/PM/P/0/94/0P_103694.gif","0"
"331745","285","Thé de Darjeeling","/img/PM/P/0/45/0P_331745.gif","0"
"92620","140","Thé menthe extrême","/img/PM/P/0/20/0P_92620.gif","0"
"7304","104","Earl grey - Thé à la bergamote","/img/PM/P/0/04/0P_7304.gif","0"
"228623","259","Thé vert au Citron bio","/img/PM/P/0/23/0P_228623.gif","0"
"104817","265","Thé vert au Citron Intense","/img/PM/P/0/17/0P_104817.gif","0"
"32768","195","Elephant - Infusion Elimination &amp; Bien-être","/img/PM/P/0/68/0P_32768.gif","0"
"6456","117","Thé aux Fruits Rouges","/img/PM/P/0/56/0P_6456.gif","0"
"232063","269","Thé vert bio","/img/PM/P/0/63/0P_232063.gif","0"
"23199","235","Thé vert earl grey","/img/PM/P/0/99/0P_23199.gif","0"
"6614","249","Lady Grey - Thé arômatisé bergamote et agrumes, goût russe","/img/PM/P/0/14/0P_6614.gif","0"
"165808","195","Thé à la Vanille","/img/PM/P/0/08/0P_165808.gif","0"
"9324","175","Thé aromatisé citron","/img/PM/P/0/24/0P_9324.gif","0"
"173840","205","Thé Earl Grey à la Bergamote","/img/PM/P/0/40/0P_173840.gif","0"
"7297","83","Thé à la menthe","/img/PM/P/0/97/0P_7297.gif","0"
"173758","215","Thé Earl Grey au Citron","/img/PM/P/0/58/0P_173758.gif","0"
"142368","249","Russian Earl Grey","/img/PM/P/0/68/0P_142368.gif","0"
"1287","359","Thé noir de Chine","/img/PM/P/0/87/0P_1287.gif","0"
"7303","129","Thé vert aromatisé","/img/PM/P/0/03/0P_7303.gif","0"
"331743","225","Thé Earl Grey","/img/PM/P/0/43/0P_331743.gif","0"
"120048","361","Thé Vert Ceylan bio","/img/PM/P/0/48/0P_120048.gif","0"
"12870","275","English Breakfast - Thé Anglais Tir'press","/img/PM/P/0/70/0P_12870.gif","0"
"16448","225","Thé orange-cannelle","/img/PM/P/0/48/0P_16448.gif","0"
"331747","415","Thé noir Earl Grey","/img/PM/P/0/47/0P_331747.gif","0"
"92573","365","Thé vert classique","/img/PM/P/0/73/0P_92573.gif","0"
"329558","338","Thé vert Secret des Îles","/img/PM/P/0/58/0P_329558.gif","0"
"190231","169","Thé noir","/img/PM/P/0/31/0P_190231.gif","0"
"72153","235","Thé vert Classique","/img/PM/P/0/53/0P_72153.gif","0"
"331742","255","Thé noir de Ceylan","/img/PM/P/0/42/0P_331742.gif","0"
"12866","309","Thé corsé","/img/PM/P/0/66/0P_12866.gif","0"
"6616","525","Gunpowder - Thé vert nature en vrac","/img/PM/P/0/16/0P_6616.gif","0"
"1507","649","Original - Thé Earl Grey en vrac","/img/PM/P/0/07/0P_1507.gif","0"
"331739","619","Thé Darjeeling vrac","/img/PM/P/0/39/0P_331739.gif","0"
"104824","715","Darjeeling - Thé","/img/PM/P/0/24/0P_104824.gif","0"
"331738","575","Thé noir Earl grey en vrac","/img/PM/P/0/38/0P_331738.gif","0"
"161517","465","Dolce Gusto - Marrakech Tea","/img/PM/P/0/17/0P_161517.gif","0"
"341357","349","Capsules de Thé Noir aux Fruits Rouges","/img/PM/P/0/57/0P_341357.gif","0"
"187325","339","Capsules infusion verveine menthe fraîche","/img/PM/P/0/25/0P_187325.gif","0"
"187331","339","Capsules de Thé noir Finest Earl Grey","/img/PM/P/0/31/0P_187331.gif","0"
"187326","339","Capsules de Thé vert Marrakech Mint","/img/PM/P/0/26/0P_187326.gif","0"
"187469","339","Capsules de Thé Noir aux fruits rouges","/img/PM/P/0/69/0P_187469.gif","0"
"142007","399","Twinings - Dosettes de Thé vert à la menthe","/img/PM/P/0/07/0P_142007.gif","0"
"27698","139","Elephant - Infusion fruits rouges","/img/PM/P/0/98/0P_27698.gif","0"
"60500","235","Infusion drainage et élimination","/img/PM/P/0/00/0P_60500.gif","0"
"187256","245","La Rhubarbe à Papa - Infusion Fraise, Framboise et Rhubarbe","/img/PM/P/0/56/0P_187256.gif","0"
"142366","249","Infusion nuit calme Verveine","/img/PM/P/0/66/0P_142366.gif","0"
"77482","149","Infusion nuit calme","/img/PM/P/0/82/0P_77482.gif","0"
"8063","349","Minceur - Thé vert, Guarana, queue de Cerise","/img/PM/P/0/63/0P_8063.gif","0"
"175093","205","Infusion Brûleur de graisses à la Vanille","/img/PM/P/0/93/0P_175093.gif","0"
"132994","145","Infusion Verveine","/img/PM/P/0/94/0P_132994.gif","0"
"104816","169","Infusion disgestion légère","/img/PM/P/0/16/0P_104816.gif","0"
"136587","205","Infusion relaxation et anti-stress","/img/PM/P/0/87/0P_136587.gif","0"
"165691","219","Miel et une Nuit - Infusion Banane, Miel et Rooibos","/img/PM/P/0/91/0P_165691.gif","0"
"13561","155","Elephant - Infusion Pomme et Cannelle","/img/PM/P/0/61/0P_13561.gif","0"
"325379","349","Capsules Infusion Réglisse Menthe","/img/PM/P/0/79/0P_325379.gif","0"
"7305","98","Infusion tilleul menthe","/img/PM/P/0/05/0P_7305.gif","0"
"92621","101","Infusion pomme/cannelle","/img/PM/P/0/21/0P_92621.gif","0"
"115315","122","Infusion verveine","/img/PM/P/0/15/0P_115315.gif","0"
"167597","505","Infusion des 2 marmottes aux 7 plantes","/img/PM/P/0/97/0P_167597.gif","0"
"87246","205","Ventre plat - Infusion menthe, anis et réglisse","/img/PM/P/0/46/0P_87246.gif","0"
"171819","235","Thé vert Détox saveur Orange sanguine","/img/PM/P/0/19/0P_171819.gif","0"
"160258","205","Infusion Détox saveur menthe","/img/PM/P/0/58/0P_160258.gif","0"
"7302","115","Infusion verveine menthe","/img/PM/P/0/02/0P_7302.gif","0"
"2994","235","Bien-être - Infusion tilleul-oranger-camomille","/img/PM/P/0/94/0P_2994.gif","0"
"323761","619","Signature - Thé vert pétales de roses cerise griotte","/img/PM/P/0/61/0P_323761.gif","0"
"316717","515","Infusion Détox et Vous","/img/PM/P/0/17/0P_316717.gif","0"
"132997","135","Infusion Verveine Menthe","/img/PM/P/0/97/0P_132997.gif","0"
"186480","365","Infusion Brûle graisse au Thé vert","/img/PM/P/0/80/0P_186480.gif","0"
"323759","619","Signature - Thé noir bergamote, fleurs de lavande","/img/PM/P/0/59/0P_323759.gif","0"
"187878","142","Infusion après repas","/img/PM/P/0/78/0P_187878.gif","0"
"234787","259","Infusion Détox","/img/PM/P/0/87/0P_234787.gif","0"
"131522","245","Infusion Thym et Menthe","/img/PM/P/0/22/0P_131522.gif","0"
"92676","365","Infuselle - Infusion aux 5 plantes","/img/PM/P/0/76/0P_92676.gif","0"
"104830","235","Infusion bien-être Ligne Svelte","/img/PM/P/0/30/0P_104830.gif","0"
"87253","199","Infusion nuits paisibles","/img/PM/P/0/53/0P_87253.gif","0"
"167599","495","Infusion au Thym","/img/PM/P/0/99/0P_167599.gif","0"
"78735","105","Infusion fruits rouge","/img/PM/P/0/35/0P_78735.gif","0"
"142365","245","Infusion nuit calme miel","/img/PM/P/0/65/0P_142365.gif","0"
"187280","265","Infusion Défenses naturelles","/img/PM/P/0/80/0P_187280.gif","0"
"131513","199","Infusion Détente sommeil","/img/PM/P/0/13/0P_131513.gif","0"
"61183","365","Infuselle - Infusion nuit","/img/PM/P/0/83/0P_61183.gif","0"
"62916","189","Infusion fleur de camomille","/img/PM/P/0/16/0P_62916.gif","0"
"7298","135","Infusion Camomille","/img/PM/P/0/98/0P_7298.gif","0"
"13563","155","Elephant - Infusion nuit tranquille","/img/PM/P/0/63/0P_13563.gif","0"
"171864","255","Tisane Après-repas","/img/PM/P/0/64/0P_171864.gif","0"
"104829","169","Infusion tilleul-citron","/img/PM/P/0/29/0P_104829.gif","0"
"171949","355","Chocolat en poudre","/img/PM/P/0/49/0P_171949.gif","0"
"120736","428","Choc'o déj - Chocolat en poudre","/img/PM/P/0/36/0P_120736.gif","0"
"193636","289","Nesquik - Chocolat en poudre Moins de sucres","/img/PM/P/0/36/0P_193636.gif","0"
"5921","249","Kao Choc - Chocolat en poudre","/img/PM/P/0/21/0P_5921.gif","0"
"69306","245","Dessert - Chocolat en poudre","/img/PM/P/0/06/0P_69306.gif","0"
"10261","139","Nesquik - Chocolat en poudre","/img/PM/P/0/61/0P_10261.gif","0"
"113153","142","Kao Choc - Chocolat en poudre","/img/PM/P/0/53/0P_113153.gif","0"
"16917","195","Chocolat en poudre","/img/PM/P/0/17/0P_16917.gif","0"
"5715","163","Kao choc - Chocolat en poudre","/img/PM/P/0/15/0P_5715.gif","0"
"155217","280","Mon premier Nesquik - Chocolat en poudre","/img/PM/P/0/17/0P_155217.gif","0"
"320512","149","Chocolat en poudre bio","/img/PM/P/0/12/0P_320512.gif","0"
"101211","325","Céréales et chocolat instantané","/img/PM/P/0/11/0P_101211.gif","0"
"106427","315","Tonimalt - Chocolat en poudre","/img/PM/P/0/27/0P_106427.gif","0"
"166298","869","Expert Tout en 1 - Tablettes lave-vaisselle Ultimate hydrofilm","/img/PM/P/0/98/0P_166298.gif","0"
"171970","1815","Tout en 1 - Tablettes lave-vaisselle hydrofilm","/img/PM/P/0/70/0P_171970.gif","0"
"191822","809","Expert Extra Shine &amp; Protect - Gel lave-vaisselle tout en 1","/img/PM/P/0/22/0P_191822.gif","0"
"330080","1289","Tout en 1 - Tablettes lave-vaisselle","/img/PM/P/0/80/0P_330080.gif","0"
"191821","809","Expert Extra Power - Gel lave-vaisselle tout en 1","/img/PM/P/0/21/0P_191821.gif","0"
"5258","549","Tout en 1 - Tablettes lave-vaisselle hydrofilm","/img/PM/P/0/58/0P_5258.gif","0"
"166283","935","Expert Tout en 1 - Tablettes lave-vaisselle Extra Shine hydrofilm","/img/PM/P/0/83/0P_166283.gif","0"
"180758","785","Tout en 1 - Tablettes lave-vaisselle Citron hydrofilm","/img/PM/P/0/58/0P_180758.gif","0"
"91670","785","Tout en 1 - Tablettes lave-vaisselle hydrofilm","/img/PM/P/0/70/0P_91670.gif","0"
"183387","795","Tout en 1 - Gel pour lave-vaisselle Turbo","/img/PM/P/0/87/0P_183387.gif","0"
"24930","549","Tout en 1 - Tablettes lave-vaisselle Citron hydrofilm","/img/PM/P/0/30/0P_24930.gif","0"
"330077","799","Classic - Gel liquide lave-vaisselle","/img/PM/P/0/77/0P_330077.gif","0"
"192225","979","Classic - Poudre de lavage lave-vaisselle","/img/PM/P/0/25/0P_192225.gif","0"
"192243","129","Liquide vaisselle Basilic Thym","/img/PM/P/0/43/0P_192243.gif","0"
"342521","130","AUCHAN EPONGES GRATTANTES","/img/PM/P/0/21/0P_342521.gif","0"
"116172","127","Gants de vaisselle taille M","/img/PM/P/0/72/0P_116172.gif","0"
"14132","1196","Tablettes lave-vaisselle à la menthe","/img/PM/P/0/94/0P_47794.gif","0"
"21715","208","Liquide vaisselle concentré","/img/PM/P/0/38/0P_325338.gif","0"
"14137","230","Eponges grattantes","/img/PM/P/0/23/0P_88123.gif","0"
"14280","298","Sacs poubelle 30 L 100% recyclé","/img/PM/P/0/96/0P_146096.gif","0"
"14284","598","Sacs poubelle 50 L 100% recyclé Résistant","/img/PM/P/0/16/0P_85216.gif","0"
"9062","195","Filtres à thé","/img/PM/P/0/62/0P_9062.gif","0"
"142761","179","Bougies anniversaires Roses ou Bleues","/img/PM/P/0/61/0P_142761.gif","0"
"35928","174","Sacs à couches avec poignées","/img/PM/P/0/28/0P_35928.gif","0"
"153846","359","Liquide vaisselle et mains à l'Algue marine","/img/PM/P/0/46/0P_153846.gif","0"
"192512","299","Gratounett' Stop-Graisse - Eponge grattante","/img/PM/P/0/12/0P_192512.gif","0"
"13015","265","Flash Éponge grattante","/img/PM/P/0/15/0P_13015.gif","0"
"342518","243","Éponges grattantes multi-usages","/img/PM/P/0/18/0P_342518.gif","0"
"16301","189","Trio Junior - Eponges ergonomiques","/img/PM/P/0/01/0P_16301.gif","0"
"13025","139","Tradition - Eponges","/img/PM/P/0/25/0P_13025.gif","0"
"95192","295","Éponges grattantes fibres 100% recyclées","/img/PM/P/0/92/0P_95192.gif","0"
"100355","175","Gratte-Eponge super efficace","/img/PM/P/0/55/0P_100355.gif","0"
"194452","295","Éponges grattantes ultra efficaces vaiselle","/img/PM/P/0/52/0P_194452.gif","0"
"13024","189","Tradition - Eponge végétale super absorbante","/img/PM/P/0/24/0P_13024.gif","0"
"112546","275","Salsa - Eponges grattantes spéciales salle de bain","/img/PM/P/0/46/0P_112546.gif","0"
"58780","138","Eponges non rayantes, surface technique vitro, inox...","/img/PM/P/0/80/0P_58780.gif","0"
"342517","132","Basique - Éponges grattantes Multi-usage","/img/PM/P/0/17/0P_342517.gif","0"
"16601","285","Tiponge - Tissus éponge extra souple pour nettoyage délicat","/img/PM/P/0/01/0P_16601.gif","0"
"170808","309","Eponge grattante verte XXL","/img/PM/P/0/08/0P_170808.gif","0"
"83040","309","Éponges grattantes","/img/PM/P/0/40/0P_83040.gif","0"
"13032","189","Eponges grattantes stop-graisse","/img/PM/P/0/32/0P_13032.gif","0"
"58781","60","Eponges grattantes","/img/PM/P/0/81/0P_58781.gif","0"
"342520","130","Éponges grattantes spéciales vaisselle fragile","/img/PM/P/0/20/0P_342520.gif","0"
"112545","133","Eponges grattantes spéciales salle de bain","/img/PM/P/0/45/0P_112545.gif","0"
"129687","527","Lavette microfibre","/img/PM/P/0/87/0P_129687.gif","0"
"129688","399","Lavette microfibre vitres","/img/PM/P/0/88/0P_129688.gif","0"
"73328","105","5 Carrés absorbants souples","/img/PM/P/0/28/0P_73328.gif","0"
"116171","127","Gants de vaisselle taille S","/img/PM/P/0/71/0P_116171.gif","0"
"7691","305","Peaux sensibles - Gants fins satinés en latex taille L","/img/PM/P/0/91/0P_7691.gif","0"
"1622","205","Ultra résistant - Gants ultra résistants taille M","/img/PM/P/0/22/0P_1622.gif","0"
"116173","127","Gants de vaisselle taille L","/img/PM/P/0/73/0P_116173.gif","0"
"16906","305","Peaux sensibles - Gants fins satinés en latex taille M","/img/PM/P/0/06/0P_16906.gif","0"
"7689","305","Peaux sensibles - Gants fins satinés en latex taille S","/img/PM/P/0/89/0P_7689.gif","0"
"237258","849","Powerball Tout en 1 Max - Tablettes lave-vaisselle","/img/PM/P/0/58/0P_237258.gif","0"
"180548","919","Gel concentré Tout en 1","/img/PM/P/0/48/0P_180548.gif","0"
"183427","879","Tout en 1 - Tablettes pour lave-vaisselle","/img/PM/P/0/27/0P_183427.gif","0"
"184201","604","Tout en 1 - Pastilles lave-vaisselle hydrosolubles","/img/PM/P/0/01/0P_184201.gif","0"
"153017","604","Pastilles lave-vaisselle hydrosolubles Tout en 1","/img/PM/P/0/17/0P_153017.gif","0"
"180426","575","Tout en 1 - Gel de lavage pour lave-vaisselle Parfum Citron","/img/PM/P/0/26/0P_180426.gif","0"
"141241","699","Tablettes lave-vaisselle Tout en 1","/img/PM/P/0/41/0P_141241.gif","0"
"144957","645","Tout en 1 - Tablettes pour lave-vaisselle","/img/PM/P/0/57/0P_144957.gif","0"
"145571","845","Quantum - Tablettes pour lave-vaisselle","/img/PM/P/0/71/0P_145571.gif","0"
"47794","598","Tablettes lave-vaisselle à la menthe","/img/PM/P/0/94/0P_47794.gif","0"
"11587","539","Classic - Tablettes pour lave-vaisselle","/img/PM/P/0/87/0P_11587.gif","0"
"145449","799","Powerball Classic - Tablettes lave-vaisselle","/img/PM/P/0/49/0P_145449.gif","0"
"183310","484","Pastilles lave-vaisselle citron","/img/PM/P/0/10/0P_183310.gif","0"
"192517","1279","Powerball Quantum - Tablettes lave-vaisselle","/img/PM/P/0/17/0P_192517.gif","0"
"10454","484","Poudre de lavage en pastilles","/img/PM/P/0/54/0P_10454.gif","0"
"36027","595","Classic - Tablettes de lavage au citron","/img/PM/P/0/27/0P_36027.gif","0"
"105085","545","Liquide de rinçage","/img/PM/P/0/85/0P_105085.gif","0"
"16843","349","Liquide de rinçage pour  lave-vaisselle","/img/PM/P/0/43/0P_16843.gif","0"
"7882","297","Sel régénérant","/img/PM/P/0/82/0P_7882.gif","0"
"1712","329","Classic - Sel régénérant lave-vaisselle","/img/PM/P/0/12/0P_1712.gif","0"
"10385","399","Protector - Anti-corrosion du verre","/img/PM/P/0/85/0P_10385.gif","0"
"88640","237","Désodorisant lave vaisselle agrumes","/img/PM/P/0/40/0P_88640.gif","0"
"41786","405","Expert - Nettoyant lave-vaisselle","/img/PM/P/0/86/0P_41786.gif","0"
"2897","379","Nettoyant lave-vaisselle","/img/PM/P/0/97/0P_2897.gif","0"
"155276","195","Excel + - Liquide vaisselle expert dégraissage","/img/PM/P/0/76/0P_155276.gif","0"
"183383","169","Secrets de Sels - Liquide vaisselle Sels Minéraux","/img/PM/P/0/83/0P_183383.gif","0"
"65955","165","Liquide vaisselle dermosensitive","/img/PM/P/0/55/0P_65955.gif","0"
"58980","165","Liquide Vaisselle &amp; Mains Peaux Sensibles","/img/PM/P/0/80/0P_58980.gif","0"
"325338","104","Liquide vaisselle concentré","/img/PM/P/0/38/0P_325338.gif","0"
"116801","165","Liquide Vaisselle &amp; Mains à l'Amande","/img/PM/P/0/01/0P_116801.gif","0"
"211179","219","Boost - Liquide vaisselle Citron &amp; pamplemousse","/img/PM/P/0/79/0P_211179.gif","0"
"5191","165","Liquide vaisselle au citron vert","/img/PM/P/0/91/0P_5191.gif","0"
"16613","165","Citron - Liquide vaisselle","/img/PM/P/0/13/0P_16613.gif","0"
"182046","179","Secrets de Vinaigre - Liquide vaisselle Pomme Poire","/img/PM/P/0/46/0P_182046.gif","0"
"333887","62","Liquide vaisselle Citron","/img/PM/P/0/87/0P_333887.gif","0"
"176280","179","Secrets de Vinaigre - Liquide vaisselle Framboise Groseille","/img/PM/P/0/80/0P_176280.gif","0"
"172611","179","Secrets de Cuisinier - Liquide vaisselle Bicarbonate, Zeste de Citron","/img/PM/P/0/11/0P_172611.gif","0"
"241471","195","Produits vaisselle et mains Romarin","/img/PM/P/0/71/0P_241471.gif","0"
"316069","134","Liquide vaisselle Tradi Citron","/img/PM/P/0/69/0P_316069.gif","0"
"332248","179","Secrets de vinaigre - Liquide Vaiselle Pamplemousse","/img/PM/P/0/48/0P_332248.gif","0"
"316610","129","Liquide vaisselle Anti Odeur","/img/PM/P/0/10/0P_316610.gif","0"
"316611","129","Liquide vaisselle Flash Désincrustant","/img/PM/P/0/11/0P_316611.gif","0"
"316070","139","Liquide vaisselle Vinaigre Framboise","/img/PM/P/0/70/0P_316070.gif","0"
"99822","169","Secrets de Fleurs - Liquide vaisselle Cerisier Impérial","/img/PM/P/0/22/0P_99822.gif","0"
"153777","169","Secret de Cuisinier - Liquide vaisselle  à l'Ecorce d'orange","/img/PM/P/0/77/0P_153777.gif","0"
"328859","116","Liquide vaisselle Fleur d'Amandier","/img/PM/P/0/59/0P_328859.gif","0"
"316608","129","Liquide vaisselle Anti-Bactérien","/img/PM/P/0/08/0P_316608.gif","0"
"316071","139","Liquide vaisselle Vinaigre Pomme","/img/PM/P/0/71/0P_316071.gif","0"
"317675","165","B2P - Stylo gel rétractable bleu","/img/PM/P/0/75/0P_317675.gif","0"
"317375","45","Inkjoy100 - Stylo bille rouge","/img/PM/P/0/75/0P_317375.gif","0"
"317701","185","G2 - Stylo bille rétractable noir","/img/PM/P/0/01/0P_317701.gif","0"
"317639","165","G1-Grip 07 - Stylo bille à encre gel vert","/img/PM/P/0/39/0P_317639.gif","0"
"317519","95","Inkjoy 300 - Stylo rétractable bleu","/img/PM/P/0/19/0P_317519.gif","0"
"317596","149","Atlantis - Stylo bille bleu","/img/PM/P/0/96/0P_317596.gif","0"
"317678","165","B2P - Stylo gel rétractable vert","/img/PM/P/0/78/0P_317678.gif","0"
"101440","125","Stylos bille Noir","/img/PM/P/0/40/0P_101440.gif","0"
"317597","149","Atlantis - Stylo bille noir","/img/PM/P/0/97/0P_317597.gif","0"
"317380","49","Bic Cristal Grip - Stylo bille bleu","/img/PM/P/0/80/0P_317380.gif","0"
"317520","95","Inkjoy 300 - Stylo rétractable noir","/img/PM/P/0/20/0P_317520.gif","0"
"318137","629","G2 Fun - Pochette de stylos bille pointe moyenne","/img/PM/P/0/37/0P_318137.gif","0"
"158046","219","Inkjoy Grip - Stylo 4 couleurs","/img/PM/P/0/46/0P_158046.gif","0"
"317381","49","Bic Cristal Grip - Stylo bille noir","/img/PM/P/0/81/0P_317381.gif","0"
"317700","185","G2 - Stylo bille rétractable bleu","/img/PM/P/0/00/0P_317700.gif","0"
"317636","165","G1-Grip 07 - Stylo bille à encre gel bleu","/img/PM/P/0/36/0P_317636.gif","0"
"101442","139","Stylo bille 4 couleurs retractable","/img/PM/P/0/42/0P_101442.gif","0"
"317815","219","Inkjoy Grip - Stylo 4 couleurs","/img/PM/P/0/15/0P_317815.gif","0"
"317363","39","Bic Cristal - Stylo bille vert","/img/PM/P/0/63/0P_317363.gif","0"
"317676","165","B2P - Roller encre gel rétractable noir","/img/PM/P/0/76/0P_317676.gif","0"
"101441","125","Stylos bille cristal","/img/PM/P/0/41/0P_101441.gif","0"
"317362","39","Bic Cristal - Stylo bille rouge","/img/PM/P/0/62/0P_317362.gif","0"
"317651","165","B2P - Stylo bille vert rechargeable","/img/PM/P/0/51/0P_317651.gif","0"
"317648","165","B2P - Stylo bille bleu rechargeable","/img/PM/P/0/48/0P_317648.gif","0"
"317374","45","Inkjoy100 - Stylo bille noir","/img/PM/P/0/74/0P_317374.gif","0"
"317598","149","Atlantis - Stylo bille rouge","/img/PM/P/0/98/0P_317598.gif","0"
"317383","49","Bic Cristal Grip - Stylo bille vert","/img/PM/P/0/83/0P_317383.gif","0"
"317382","49","Bic Cristal Grip - Stylo bille rouge","/img/PM/P/0/82/0P_317382.gif","0"
"317637","165","G1-Grip 07 - Stylo bille à encre gel noir","/img/PM/P/0/37/0P_317637.gif","0"
"317677","165","B2P - Stylo gel rétractable rouge","/img/PM/P/0/77/0P_317677.gif","0"
"346868","229","Kids - Twist Ergo - Stylo bille bleu rétractable","/img/PM/P/0/68/0P_346868.gif","0"
"317595","95","Stylo bille 4 couleurs","/img/PM/P/0/95/0P_317595.gif","0"
"317703","185","G2 - Stylo bille rétractable vert","/img/PM/P/0/03/0P_317703.gif","0"
"317373","45","Inkjoy100 - Stylo bille bleu","/img/PM/P/0/73/0P_317373.gif","0"
"317649","165","B2P - Stylo bille noir rechargeable","/img/PM/P/0/49/0P_317649.gif","0"
"317650","165","B2P - Stylo bille rouge rechargeable","/img/PM/P/0/50/0P_317650.gif","0"
"317599","149","Atlantis - Stylo bille vert","/img/PM/P/0/99/0P_317599.gif","0"
"297081","275","Stylos bille multicouleurs","/img/PM/P/0/81/0P_297081.gif","0"
"317361","39","Bic Cristal - Stylo bille noir","/img/PM/P/0/61/0P_317361.gif","0"
"317376","45","Inkjoy100 - Stylo bille vert","/img/PM/P/0/76/0P_317376.gif","0"
"317702","185","G2 - Stylo bille rétractable rouge","/img/PM/P/0/02/0P_317702.gif","0"
"317638","165","G1-Grip 07 - Stylo bille à encre gel rouge","/img/PM/P/0/38/0P_317638.gif","0"
"101439","125","Stylos bille cristal Bleu","/img/PM/P/0/39/0P_101439.gif","0"
"317521","95","Inkjoy 300 - Stylo rétractable rouge","/img/PM/P/0/21/0P_317521.gif","0"
"294902","129","Kids - Twist Ergo - Recharges pour stylo bille bleu","/img/PM/P/0/02/0P_294902.gif","0"
"63826","555","Stylos bille Rouge, Noir et Bleu","/img/PM/P/0/26/0P_63826.gif","0"
"318078","399","Nylon Flair - Stylos feutre nylon","/img/PM/P/0/78/0P_318078.gif","0"
"317359","30","Stylo feutre noir","/img/PM/P/0/59/0P_317359.gif","0"
"317593","99","Nylon Flair - Stylo feutre vert","/img/PM/P/0/93/0P_317593.gif","0"
"11195","195","Roller V - Stylo feutre Noir pointe métal","/img/PM/P/0/95/0P_11195.gif","0"
"317592","99","Nylon Flair - Stylo feutre rouge","/img/PM/P/0/92/0P_317592.gif","0"
"106465","165","Stylo feutre Bleu","/img/PM/P/0/65/0P_106465.gif","0"
"318077","399","Nylon Flair - Stylos feutre nylon","/img/PM/P/0/77/0P_318077.gif","0"
"317358","30","Stylo feutre bleu","/img/PM/P/0/58/0P_317358.gif","0"
"317628","140","Stylist - Stylo feutre bleu","/img/PM/P/0/28/0P_317628.gif","0"
"152042","650","Stylos feutres couleurs 0.4 mm","/img/PM/P/0/42/0P_152042.gif","0"
"317630","140","Stylist - Stylo feutre rouge","/img/PM/P/0/30/0P_317630.gif","0"
"317629","149","Stylist - Stylo feutre noir","/img/PM/P/0/29/0P_317629.gif","0"
"292763","399","Point88 - Feutres pointe fine","/img/PM/P/0/63/0P_292763.gif","0"
"317590","99","Nylon Flair - Stylo feutre bleu","/img/PM/P/0/90/0P_317590.gif","0"
"317501","99","Greenpoint - Feutre d'écriture noir","/img/PM/P/0/01/0P_317501.gif","0"
"317503","99","Greenpoint - Feutre d'écriture vert","/img/PM/P/0/03/0P_317503.gif","0"
"317591","99","Nylon Flair - Stylo feutre noir","/img/PM/P/0/91/0P_317591.gif","0"
"317360","30","Stylo feutre rouge","/img/PM/P/0/60/0P_317360.gif","0"
"317962","399","Greenpoint - Feutres d'écriture","/img/PM/P/0/62/0P_317962.gif","0"
"317640","195","Stylo plume bleu","/img/PM/P/0/40/0P_317640.gif","0"
"317669","195","Stylo plume - référence aléatoire","/img/PM/P/0/69/0P_317669.gif","0"
"317864","300","Easy Grip - Stylo plume bleu et blanc","/img/PM/P/0/64/0P_317864.gif","0"
"317751","195","Pilot V-Ball - Roller encre liquide bleue","/img/PM/P/0/51/0P_317751.gif","0"
"317756","189","Tubulaire V7 - Roller encre liquide noire","/img/PM/P/0/56/0P_317756.gif","0"
"318190","699","Pilot V-Ball - Pochette de rollers à pointe métal","/img/PM/P/0/90/0P_318190.gif","0"
"346872","229","Frixion - Roller encre gel effaçable vert rétractable","/img/PM/P/0/72/0P_346872.gif","0"
"317752","195","Pilot V-Ball - Roller encre liquide noire","/img/PM/P/0/52/0P_317752.gif","0"
"317791","189","Frixion - Roller encre gel effaçable vert","/img/PM/P/0/91/0P_317791.gif","0"
"318073","549","Easy Original Droitier - Roller encre bleu pour droitier","/img/PM/P/0/73/0P_318073.gif","0"
"318213","699","Frixion Classique - Pochette de rollers effaçables","/img/PM/P/0/13/0P_318213.gif","0"
"317789","189","Frixion - Roller encre gel effaçable rouge","/img/PM/P/0/89/0P_317789.gif","0"
"318191","649","Tubulaire V7 - Pochette de stylos à encre liquide","/img/PM/P/0/91/0P_318191.gif","0"
"346876","229","Frixion - Roller encre gel effaçable rose rétractable","/img/PM/P/0/76/0P_346876.gif","0"
"317755","189","Tubulaire V7 - Roller encre liquide bleue","/img/PM/P/0/55/0P_317755.gif","0"
"317785","189","Frixion - Roller encre gel effaçable bleu","/img/PM/P/0/85/0P_317785.gif","0"
"317409","49","Stylo roller bleu","/img/PM/P/0/09/0P_317409.gif","0"
"318072","549","Easy Original Gaucher - Roller encre bleu pour gaucher","/img/PM/P/0/72/0P_318072.gif","0"
"11196","195","Crayon rollerball bleu","/img/PM/P/0/96/0P_11196.gif","0"
"317758","189","Tubulaire V7 - Roller encre liquide vert","/img/PM/P/0/58/0P_317758.gif","0"
"317786","189","Frixion - Roller encre gel effaçable noir","/img/PM/P/0/86/0P_317786.gif","0"
"346870","229","Frixion - Roller encre gel effaçable noir rétractable","/img/PM/P/0/70/0P_346870.gif","0"
"317790","189","Frixion - Roller encre gel effaçable turquoise","/img/PM/P/0/90/0P_317790.gif","0"
"296586","759","Frixion Ball - Rollers encre gel effaçable noir bleu et rouge","/img/PM/P/0/86/0P_296586.gif","0"
"317410","49","Stylo roller noir","/img/PM/P/0/10/0P_317410.gif","0"
"318214","699","Frixion Fun - Pochette de rollers effaçables","/img/PM/P/0/14/0P_318214.gif","0"
"317754","195","Pilot V-Ball - Roller encre liquide vert","/img/PM/P/0/54/0P_317754.gif","0"
"346874","229","Frixion - Roller encre gel effaçable violet rétractable","/img/PM/P/0/74/0P_346874.gif","0"
"327348","9999","Balladeur MP3 8 Go BWZ-NWE394L bleu","/img/PM/P/0/48/0P_327348.gif","0"
"327353","5999","Balladeur MP3 4 Go NWZ-B183FB","/img/PM/P/0/53/0P_327353.gif","0"
"327352","9999","Balladeur MP3 4 Go NWWS413L bleu","/img/PM/P/0/52/0P_327352.gif","0"
"327347","9999","Balladeur MP3 8 Go NWZ-NWE394B noir","/img/PM/P/0/47/0P_327347.gif","0"
"327367","6999","Balladeur MP3 4 Go NWZ-B183FR","/img/PM/P/0/67/0P_327367.gif","0"
"327351","9999","Balladeur MP3 4 Go NWWS413G vert","/img/PM/P/0/51/0P_327351.gif","0"
"327350","9999","Balladeur MP3 4 Go NWWS413B noir","/img/PM/P/0/50/0P_327350.gif","0"
"327349","9999","Balladeur MP3 8 Go RWZ-NWE394R rouge","/img/PM/P/0/49/0P_327349.gif","0"
"339968","29999","One Digital - Radio numérique bois-gris","/img/PM/P/0/68/0P_339968.gif","0"
"327794","7999","Radio numérique blanche","/img/PM/P/0/94/0P_327794.gif","0"
"327791","3999","Radio portable blanche","/img/PM/P/0/91/0P_327791.gif","0"
"339967","29999","One Digital - Radio numérique blanc-gris","/img/PM/P/0/67/0P_339967.gif","0"
"327792","3999","Radio portable grise","/img/PM/P/0/92/0P_327792.gif","0"
"327778","2999","Radio analogique BA-10","/img/PM/P/0/78/0P_327778.gif","0"
"327799","4999","Radio M-100D Noir","/img/PM/P/0/99/0P_327799.gif","0"
"339969","29999","One Digital - Radio numérique noire","/img/PM/P/0/69/0P_339969.gif","0"
"327800","6999","Radio AE5020/12","/img/PM/P/0/00/0P_327800.gif","0"
"327795","7499","Radio numérique noire","/img/PM/P/0/95/0P_327795.gif","0"
"327803","4499","Radio ICF 306","/img/PM/P/0/03/0P_327803.gif","0"
"327793","3999","Radio portable noire","/img/PM/P/0/93/0P_327793.gif","0"
"339966","17999","Evoke - Radio numérique H4 OAK","/img/PM/P/0/66/0P_339966.gif","0"
"327802","4999","Radio SD700 Noir","/img/PM/P/0/02/0P_327802.gif","0"
"327796","1999","Radio M-051 R Noir","/img/PM/P/0/96/0P_327796.gif","0"
"327798","4999","Radio M-100D Blanc","/img/PM/P/0/98/0P_327798.gif","0"
"327797","1999","Radio M-051 RW Blanc","/img/PM/P/0/97/0P_327797.gif","0"
"327788","8900","Radio CD ZS-PS50 Noir","/img/PM/P/0/88/0P_327788.gif","0"
"327783","7499","Radio CD AZ1837","/img/PM/P/0/83/0P_327783.gif","0"
"327780","4999","Radio CD Dory","/img/PM/P/0/80/0P_327780.gif","0"
"188644","4999","Radio CD Cars","/img/PM/P/0/44/0P_188644.gif","0"
"327789","19999","Radio CD ZS-RS70BTB.CED","/img/PM/P/0/89/0P_327789.gif","0"
"339948","22999","Chaîne platine HIF-1996 BT","/img/PM/P/0/48/0P_339948.gif","0"
"327785","9999","Radio CD AZ3831","/img/PM/P/0/85/0P_327785.gif","0"
"327786","10999","Radio CD AZ787","/img/PM/P/0/86/0P_327786.gif","0"
"327782","4999","Radio CD The Avengers","/img/PM/P/0/82/0P_327782.gif","0"
"327790","7999","Radio CD RCD300U","/img/PM/P/0/90/0P_327790.gif","0"
"327820","4999","Radio réveil AJ6000","/img/PM/P/0/20/0P_327820.gif","0"
"327835","4499","Réveil Superman","/img/PM/P/0/35/0P_327835.gif","0"
"327808","1699","Radio-réveil SC 600","/img/PM/P/0/08/0P_327808.gif","0"
"327811","2999","Radio réveil Dory","/img/PM/P/0/11/0P_327811.gif","0"
"327824","5999","Radio réveil ICFC1PJ.CEF","/img/PM/P/0/24/0P_327824.gif","0"
"327830","3499","Réveil Brique Rouge","/img/PM/P/0/30/0P_327830.gif","0"
"327818","3999","Radio réveil AJ4300B/12","/img/PM/P/0/18/0P_327818.gif","0"
"327815","2499","Radio réveil AJ3123","/img/PM/P/0/15/0P_327815.gif","0"
"327834","4499","Réveil Soldat de l'empire","/img/PM/P/0/34/0P_327834.gif","0"
"327823","2999","Radio réveil ICFC1B.CED","/img/PM/P/0/23/0P_327823.gif","0"
"327807","2299","Radio-réveil SC 590","/img/PM/P/0/07/0P_327807.gif","0"
"327817","3999","Radio réveil AJ3231/12","/img/PM/P/0/17/0P_327817.gif","0"
"327814","3499","Radio réveil AJ1060/12","/img/PM/P/0/14/0P_327814.gif","0"
"327806","1999","Radio-réveil KSC35W","/img/PM/P/0/06/0P_327806.gif","0"
"327822","4999","Radio réveil AJT5300W/12","/img/PM/P/0/22/0P_327822.gif","0"
"327810","2999","Radio réveil Chica Vampiro","/img/PM/P/0/10/0P_327810.gif","0"
"327833","4499","Réveil Emmet","/img/PM/P/0/33/0P_327833.gif","0"
"327837","4499","Réveil Yoda","/img/PM/P/0/37/0P_327837.gif","0"
"327816","2999","Radio réveil AJ3200","/img/PM/P/0/16/0P_327816.gif","0"
"327809","2999","Radio réveil Avengers","/img/PM/P/0/09/0P_327809.gif","0"
"327813","2999","Radio réveil veilleuse Dory","/img/PM/P/0/13/0P_327813.gif","0"
"327805","1999","Radio-réveil KSC35B","/img/PM/P/0/05/0P_327805.gif","0"
"327828","4499","Réveil Batman","/img/PM/P/0/28/0P_327828.gif","0"
"327836","4499","Réveil The Joker","/img/PM/P/0/36/0P_327836.gif","0"
"327832","4499","Réveil Dark Vador","/img/PM/P/0/32/0P_327832.gif","0"
"327821","12999","Radio réveil AJ7260D","/img/PM/P/0/21/0P_327821.gif","0"
"327831","3499","Réveil Brique Violette","/img/PM/P/0/31/0P_327831.gif","0"
"327819","4999","Radio réveil AJ4800/12","/img/PM/P/0/19/0P_327819.gif","0"
"339743","15999","Dictaphone DM-720","/img/PM/P/0/43/0P_339743.gif","0"
"326116","1999","Casque arceau noir MDRZX110","/img/PM/P/0/16/0P_326116.gif","0"
"339676","8900","Casque sans fil SHC8800/12","/img/PM/P/0/76/0P_339676.gif","0"
"339666","24900","Casque doré","/img/PM/P/0/66/0P_339666.gif","0"
"326100","2999","Casque arceau noir SHL3065","/img/PM/P/0/00/0P_326100.gif","0"
"339665","24900","Casque noir","/img/PM/P/0/65/0P_339665.gif","0"
"326121","5999","Casque arceau blanc MDRZX660","/img/PM/P/0/21/0P_326121.gif","0"
"339662","24900","Casque arceau Monitor BT","/img/PM/P/0/62/0P_339662.gif","0"
"326114","1999","Casque arceau blanc MDRZX110","/img/PM/P/0/14/0P_326114.gif","0"
"326119","2499","Casque arceau noir MDRZX310","/img/PM/P/0/19/0P_326119.gif","0"
"326099","2999","Casque arceau blanc SHL3065","/img/PM/P/0/99/0P_326099.gif","0"
"339673","1499","Casque arceau bleu pour enfant","/img/PM/P/0/73/0P_339673.gif","0"
"339677","4999","Casque noir MDRXB550","/img/PM/P/0/77/0P_339677.gif","0"
